,effover,R,param_00_baseFlowReces,param_01_deepPerc,param_02_rcExp,param_03_No
0,0.8150013057977761,0.8150013057977761,0.18568267555235965,0.5264461661849912,3.266219195262611,990496.0
